<?xml version="1.0" encoding="UTF-8"?>
<csw:GetRecordsResponse xmlns:csw="http://www.opengis.net/cat/csw/2.0.2">
  <csw:SearchStatus timestamp="2009-06-12T11:01:32" />
  <csw:SearchResults numberOfRecordsMatched="60" numberOfRecordsReturned="60" elementSet="full" nextRecord="0">
    <csw:Record xmlns:geonet="http://www.fao.org/geonetwork" xmlns:ows="http://www.opengis.net/ows" xmlns:dct="http://purl.org/dc/terms/" xmlns:dc="http://purl.org/dc/elements/1.1/">
      <dc:title>Globally threatened species of the world</dc:title>
      <dc:subject>GEMET 2000
        biodiversity
        endangered animal species
        endangered plant species</dc:subject>
      <dc:subject>None
        Biology</dc:subject>
      <dc:subject>None
        Global</dc:subject>
      <dct:abstract>Contains information on animals and plants threatened at the global level.</dct:abstract>
      <dct:modified>20011220</dct:modified>
      <dc:creator>GeoNetwork test user</dc:creator>
      <dc:publisher>GeoNetwork test centre</dc:publisher>
      <dc:rights>None</dc:rights>
      <dc:rights>No restrictions</dc:rights>
      <ows:BoundingBox crs="">
        <ows:LowerCorner>180.0-90.0</ows:LowerCorner>
        <ows:UpperCorner>-180.090.0</ows:UpperCorner>
      </ows:BoundingBox>
    </csw:Record>
    <csw:Record xmlns:geonet="http://www.fao.org/geonetwork" xmlns:ows="http://www.opengis.net/ows" xmlns:dc="http://purl.org/dc/elements/1.1/">
      <dc:title xmlns:dct="http://purl.org/dc/terms/">Natural polar ecosystems</dc:title>
      <dc:creator xmlns:dct="http://purl.org/dc/terms/">GeoNetwork test user</dc:creator>
      <dc:subject xmlns:dct="http://purl.org/dc/terms/">Antarctic ecosystem</dc:subject>
      <dc:subject xmlns:dct="http://purl.org/dc/terms/">Arctic ecosystem</dc:subject>
      <dc:subject xmlns:dct="http://purl.org/dc/terms/">polar ecosystem</dc:subject>
      <dc:description xmlns:dct="http://purl.org/dc/terms/">A harmonised database of natural ecosystems in the Circumpolar Arctic, based on published vegetation maps.</dc:description>
      <dc:publisher xmlns:dct="http://purl.org/dc/terms/">GeoNetwork test centre</dc:publisher>
      <dc:contributor xmlns:dct="http://purl.org/dc/terms/">Unknown</dc:contributor>
      <dc:date xmlns:dct="http://purl.org/dc/terms/">2000</dc:date>
      <dc:type xmlns:dct="http://purl.org/dc/terms/">Maps and graphics</dc:type>
      <dc:format xmlns:dct="http://purl.org/dc/terms/">Web page</dc:format>
      <dc:identifier xmlns:dct="http://purl.org/dc/terms/">e2987cb0-3090-4a31-b90f-d3d024735ff7</dc:identifier>
      <dc:source xmlns:dct="http://purl.org/dc/terms/">Compiled from published vegetation maps of the 8 circumpolar countries.</dc:source>
      <dc:language xmlns:dct="http://purl.org/dc/terms/">en</dc:language>
      <dc:relation xmlns:dct="http://purl.org/dc/terms/">Unknown</dc:relation>
      <dc:coverage xmlns:dct="http://purl.org/dc/terms/">North 90, South -90, East 180, West -180.  (Global)</dc:coverage>
      <dc:rights xmlns:dct="http://purl.org/dc/terms/">Access constraints: None.  Usage constraints: No restrictions</dc:rights>
      <dct:modified xmlns:dct="http://purl.org/dc/terms/">2005-03-31T19:13:30</dct:modified>
      <ows:BoundingBox crs="urn:x-ogc:def:crs:EPSG:6.11:4326">
        <ows:LowerCorner>-90 -180</ows:LowerCorner>
        <ows:UpperCorner>90 180</ows:UpperCorner>
      </ows:BoundingBox>
    </csw:Record>
    <csw:Record xmlns:ows="http://www.opengis.net/ows" xmlns:geonet="http://www.fao.org/geonetwork" xmlns:dct="http://purl.org/dc/terms/" xmlns:dc="http://purl.org/dc/elements/1.1/">
      <dc:identifier>8dfef0e6-969e-4327-b292-5e7047f11808</dc:identifier>
      <dc:title>Hydrological basins in Europe</dc:title>
      <dc:subject>watersheds</dc:subject>
      <dc:subject>Europe</dc:subject>
      <dct:abstract>Major hydrological basins and their sub-basins. This dataset divides the Europe in zones.</dct:abstract>
      <dc:language>en</dc:language>
      <dc:source>None.</dc:source>
      <ows:BoundingBox crs="::">
        <ows:LowerCorner>51.1 -34.6</ows:LowerCorner>
        <ows:UpperCorner>-17.3 38.2</ows:UpperCorner>
      </ows:BoundingBox>
      <dc:URI>resources.get?id=&amp;fname=large_s.png&amp;access=public</dc:URI>
    </csw:Record>
    <csw:Record xmlns:ows="http://www.opengis.net/ows" xmlns:geonet="http://www.fao.org/geonetwork" xmlns:dct="http://purl.org/dc/terms/" xmlns:dc="http://purl.org/dc/elements/1.1/">
      <dc:identifier>bd7b3827-d6c4-4bd1-bac3-8e0e388e7a23</dc:identifier>
      <dc:title>Cours d'eau</dc:title>
      <dc:type>dataset</dc:type>
      <dc:format />
      <dct:abstract />
      <dc:language />
      <dc:source />
      <ows:BoundingBox crs="::">
        <ows:LowerCorner>180 -90</ows:LowerCorner>
        <ows:UpperCorner>-180 90</ows:UpperCorner>
      </ows:BoundingBox>
      <dc:format />
      <dc:URI>http://services.sandre.eaufrance.fr/geo/zonage?</dc:URI>
    </csw:Record>
  </csw:SearchResults>
</csw:GetRecordsResponse>

